{
  "accountId": "act_1-6JHGX",
  "contractId": "ctr_1-1NC95D",
  "groupId": "grp_71960",
  "propertyId": "prp_772711",
  "propertyVersion": 13,
  "etag": "76df8d0e82b6f92c83950e6f86feb0b0382613f7",
  "ruleFormat": "v2023-01-05",
  "rules": {
    "name": "default",
    "behaviors": [
      {
        "name": "origin",
        "options": {
          "cacheKeyHostname": "REQUEST_HOST_HEADER",
          "compress": true,
          "enableTrueClientIp": true,
          "forwardHostHeader": "REQUEST_HOST_HEADER",
          "hostname": "${env.origin}",
          "httpPort": 80,
          "httpsPort": 443,
          "ipVersion": "IPV4",
          "originCertificate": "",
          "originSni": true,
          "originType": "CUSTOMER",
          "ports": "",
          "trueClientIpClientSetting": false,
          "trueClientIpHeader": "True-Client-IP",
          "verificationMode": "PLATFORM_SETTINGS"
        }
      },
      {
        "name": "corsSupport",
        "options": {
          "allowCredentials": false,
          "allowHeaders": "ANY",
          "allowOrigins": "ANY",
          "enabled": true,
          "exposeHeaders": [],
          "methods": [
            "GET",
            "POST"
          ],
          "preflightMaxAge": "600s"
        }
      }
    ],
    "children": [
      "#include:Augment_insights.json",
      "#include:Accelerate_delivery.json",
      "#include:Offload_origin.json",
      "#include:Strengthen_security.json",
      "#include:Increase_availability.json",
      "#include:Minimize_payload.json"
    ],
    "comments": "The Default Rule template contains all the necessary and recommended behaviors. Rules are evaluated from top to bottom and the last matching rule wins.",
    "variables": [
      {
        "description": "",
        "hidden": false,
        "name": "PMUSER_ORIGIN",
        "sensitive": false,
        "value": "dummy.origin.com"
      }
    ],
    "options": {}
  }
}